"Job Vacancy";"Competenza Data Literacy"
"Analista delle campagne di marketing";"Comprensione dei KPI di marketing"
"Analista delle campagne di marketing";"Abilità nella creazione di report e dashboard"
"Analista delle campagne di marketing";"Competenza nell'analisi dei dati demografici"
"Analista delle campagne di marketing";"Capacità di raccogliere dati da diverse fonti, come Google Analytics"
"Analista delle campagne di marketing";"Conoscenza delle metriche di coinvolgimento dell'utente"
"Analista delle campagne di marketing";"Competenza nella segmentazione del pubblico basata sui dati"
"Analista delle campagne di marketing";"Conoscenza delle strategie di automazione del marketing"
"Analista delle campagne di marketing";"Abilità nella previsione delle tendenze di mercato basate sui dati"
"Analista delle campagne di marketing";"Conoscenza delle leggi sulla privacy dei dati e delle normative"
"Analista delle campagne di marketing";"Competenza nell'uso di strumenti di visualizzazione dei dati"
"Analista delle campagne di marketing";"Abilità di comunicare risultati complessi in modo chiaro ai non addetti ai lavori"
"Analista delle campagne di marketing";"Conoscenza delle strategie di content marketing basate sui dati"
"Analista delle campagne di marketing";"Competenza nell'uso di strumenti di analisi delle parole chiave"
"Analista delle campagne di marketing";"Abilità nella gestione del tempo per rispettare le scadenze delle campagne"

"Responsabile dei social media";"Competenza nell'analisi delle metriche di coinvolgimento degli utenti sui social media"
"Responsabile dei social media";"Abilità di monitorare e misurare l'efficacia delle campagne social"
"Responsabile dei social media";"Conoscenza delle tendenze dei social media e delle best practice"
"Responsabile dei social media";"Competenza nell'uso di strumenti di gestione dei social media"
"Responsabile dei social media";"Abilità nell'analizzare le metriche di conversione e il ritorno sull'investimento (ROI)"
"Responsabile dei social media";"Conoscenza delle piattaforme pubblicitarie dei social media"
"Responsabile dei social media";"Capacità di rispondere in modo efficace ai commenti e alle recensioni dei clienti sui social media"
"Responsabile dei social media";"Competenza nella creazione di contenuti mirati basati sui dati demografici e sul comportamento online degli utenti"
"Responsabile dei social media";"Conoscenza delle metriche di branding sui social media"
"Responsabile dei social media";"Abilità nell'utilizzo di strumenti di analisi dei sentimenti per monitorare l'opinione pubblica"
"Responsabile dei social media";"Comprensione delle politiche di privacy e delle normative sui social media"
"Responsabile dei social media";"Agilità nell'adattarsi alle nuove funzionalità e ai cambiamenti degli algoritmi delle piattaforme social"
"Responsabile dei social media";"Competenza nell'analisi dei dati dei concorrenti sui social media"
"Responsabile dei social media";"Abilità di pianificazione e gestione delle campagne pubblicitarie sui social media"
"Responsabile dei social media";"Conoscenza delle strategie di influencer marketing basate sui dati"

"Analista delle tendenze di mercato";"Capacità di raccogliere, organizzare e analizzare dati di mercato"
"Analista delle tendenze di mercato";"Comprensione delle metodologie di ricerca di mercato"
"Analista delle tendenze di mercato";"Abilità nell'identificare e interpretare le tendenze di mercato"
"Analista delle tendenze di mercato";"Competenza nell'uso di strumenti di analisi dei dati"
"Analista delle tendenze di mercato";"Capacità di condurre interviste e sondaggi di mercato"
"Analista delle tendenze di mercato";"Conoscenza delle metriche di coinvolgimento dei consumatori"
"Analista delle tendenze di mercato";"Abilità di valutare la domanda dei consumatori e la percezione del marchio"
"Analista delle tendenze di mercato";"Comprensione delle analisi SWOT (Strengths, Weaknesses, Opportunities, Threats)"
"Analista delle tendenze di mercato";"Conoscenza delle strategie di pricing basate sui dati"
"Analista delle tendenze di mercato";"Competenza nell'analisi dei dati demografici e delle preferenze dei clienti"
"Analista delle tendenze di mercato";"Abilità di creare report di ricerca di mercato dettagliati"
"Analista delle tendenze di mercato";"Conoscenza delle dinamiche del settore e delle influenze economiche"
"Analista delle tendenze di mercato";"Comprensione delle variazioni geografiche nei dati di mercato"
"Analista delle tendenze di mercato";"Abilità di identificare opportunità di mercato non sfruttate"
"Analista delle tendenze di mercato";"Agilità nell'adattarsi alle mutevoli condizioni di mercato"

"Gestore della reputazione online";"Competenza nell'analisi delle recensioni e delle opinioni online"
"Gestore della reputazione online";"Capacità di monitorare la presenza online di un'azienda o di un marchio"
"Gestore della reputazione online";"Abilità nella gestione dei contenuti online e nella moderazione dei commenti"
"Gestore della reputazione online";"Conoscenza delle metriche di reputazione online, come il punteggio di reputazione"
"Gestore della reputazione online";"Comprensione della gestione delle crisi online e delle risposte a situazioni negative"
"Gestore della reputazione online";"Abilità di elaborare strategie per migliorare la reputazione online"
"Gestore della reputazione online";"Conoscenza delle leggi sulla diffamazione e della privacy online"
"Gestore della reputazione online";"Competenza nell'utilizzo di strumenti di monitoraggio della reputazione online"
"Gestore della reputazione online";"Abilità nella gestione dei profili sui social media e delle recensioni dei clienti"
"Gestore della reputazione online";"Comprensione delle metriche di branding sui social media"
"Gestore della reputazione online";"Capacità di misurare l'impatto delle strategie sulla reputazione online"
"Gestore della reputazione online";"Agilità nell'adattarsi alle evoluzioni della percezione del marchio online"
"Gestore della reputazione online";"Competenza nell'uso di strumenti di analisi del sentiment online"
"Gestore della reputazione online";"Conoscenza delle tecniche di content moderation online"

"Analista dei dati dei media";"Conoscenza delle metriche di media, come ascolti televisivi e rating radiofonici"
"Analista dei dati dei media";"Capacità di raccogliere dati da diverse fonti di media"
"Analista dei dati dei media";"Competenza nell'interpretare i dati di media per identificare tendenze e opportunità"
"Analista dei dati dei media";"Abilità di analizzare i dati demografici dell'audience dei media"
"Analista dei dati dei media";"Comprensione delle metriche di valutazione dell'efficacia pubblicitaria"
"Analista dei dati dei media";"Conoscenza delle strategie di pianificazione dei media"
"Analista dei dati dei media";"Abilità nella gestione di dati sulla spesa pubblicitaria e sui budget dei media"
"Analista dei dati dei media";"Comprensione dei cambiamenti nelle abitudini di consumo dei media"
"Analista dei dati dei media";"Competenza nell'utilizzo di software di analisi dei media"
"Analista dei dati dei media";"Capacità di identificare i punti di forza e di debolezza delle campagne mediatiche"
"Analista dei dati dei media";"Abilità di comunicare risultati chiave ai team di marketing e alle parti interessate"
"Analista dei dati dei media";"Comprensione delle tendenze emergenti nei media digitali e tradizionali"
"Analista dei dati dei media";"Capacità di valutare il ritorno sull'investimento (ROI) delle campagne mediatiche"
"Analista dei dati dei media";"Agilità nell'adattarsi alle nuove tecnologie e piattaforme mediatiche"
"Analista dei dati dei media";"Conoscenza delle leggi sulla privacy dei dati nel contesto dei media"
"Analista dei dati dei media";"Competenza nell'uso di strumenti di analisi di dati di audience"

"Specialista della personalizzazione dei contenuti";"Conoscenza delle strategie di personalizzazione dei contenuti basate sui dati"
"Specialista della personalizzazione dei contenuti";"Capacità di analizzare il comportamento degli utenti online"
"Specialista della personalizzazione dei contenuti";"Competenza nell'utilizzo di algoritmi di raccomandazione"
"Specialista della personalizzazione dei contenuti";"Abilità nella segmentazione del pubblico basata sui dati demografici"
"Specialista della personalizzazione dei contenuti";"Comprensione delle metriche di coinvolgimento degli utenti"
"Specialista della personalizzazione dei contenuti";"Capacità di utilizzare strumenti di analisi del comportamento degli utenti"
"Specialista della personalizzazione dei contenuti";"Abilità di creare contenuti dinamici basati sui dati"
"Specialista della personalizzazione dei contenuti";"Conoscenza delle tecniche di content A/B testing"
"Specialista della personalizzazione dei contenuti";"Comprensione dell'automazione del marketing basato sui dati"
"Specialista della personalizzazione dei contenuti";"Capacità di valutare l'efficacia delle strategie di personalizzazione"
"Specialista della personalizzazione dei contenuti";"Competenza nell'ottimizzazione dei tassi di conversione"
"Specialista della personalizzazione dei contenuti";"Abilità di integrazione dei dati dei clienti per la personalizzazione"
"Specialista della personalizzazione dei contenuti";"Conoscenza delle leggi sulla privacy dei dati e delle normative"
"Specialista della personalizzazione dei contenuti";"Agilità nell'adattarsi alle preferenze mutevoli degli utenti"
"Specialista della personalizzazione dei contenuti";"Competenza nell'analisi dei dati di personalizzazione dei contenuti"

"Data Journalist";"Competenza nell'analisi e nell'interpretazione dei dati per la creazione di storie"
"Data Journalist";"Conoscenza delle fonti di dati attendibili"
"Data Journalist";"Abilità di visualizzazione dei dati e creazione di grafici"
"Data Journalist";"Competenza nell'uso di software di analisi dei dati"
"Data Journalist";"Capacità di comunicare informazioni complesse basate sui dati in modo chiaro"
"Data Journalist";"Comprensione delle tecniche di raccolta di dati e di interviste"
"Data Journalist";"Abilità nella ricerca e nell'estrazione di dati da diverse fonti"
"Data Journalist";"Competenza nell'uso di strumenti di visualizzazione dei dati"
"Data Journalist";"Capacità di collaborare con team di giornalisti e analisti di dati"
"Data Journalist";"Conoscenza delle leggi sulla privacy dei dati e delle normative giornalistiche"
"Data Journalist";"Abilità nella narrazione e nella scrittura di storie basate sui dati"
"Data Journalist";"Comprensione delle tendenze nell'ambito del giornalismo dei dati"
"Data Journalist";"Capacità di ricerca e verifica dei fatti basati sui dati"
"Data Journalist";"Agilità nell'adattarsi a nuove fonti di dati e strumenti di analisi"
"Data Journalist";"Competenza nell'uso di strumenti di analisi testuale e di dati non strutturati"

